指标,基因,SNP,allele,ref,alt,DES2
先天耐力,ADRB2,rs1042713,G->A,G,A,"QZR_R,QZR_Z,QZR_Q"
最大摄氧量,HIF1A,rs11549465,C->T,C,T,"QZR_Q,QZR_Z,QZR_R"
运动恢复能力,PPARD,rs2267668,G->A,G,A,"QZR_Q,QZR_Z,QZR_R"
运动影响葡萄糖耐受力,PPARG,rs1801282,C->G,C,G,"TB_B,TB_T,TB_T"
软组织损伤风险,MMP3,rs591058,T->C,T,C,"DZG_G,DZG_Z,DZG_D"
先天易胖体质,FTO,rs9939609,T->C,T,C,"ZY_Z,ZY_Y,ZY_Y"
脂肪代谢能力,ApoE,rs429358,T->C,T,C,"ZQ_Z,ZQ_Q,ZQ_Q"
咖啡因代谢能力,CYP1A2,rs762551,C->A,C,A,"ZK_K,ZK_Z,ZK_Z"
乙醇代谢能力,ADH2,rs1229984,C->T,C,T,"ZJC_Z,ZJC_J,ZJC_C"
乙醛代谢能力,ALDH2,rs671,A->G,A,G,"ZJ_Z,ZJ_J,ZJ_J"
叶酸代谢能力,MTHFR,rs1801131,C->T,C,T,"ZR_Z,ZR_R,ZR_R"
铁代谢能力,TMPRSS6,rs4820268,A->G,A,G,"QZR_R,QZR_Z,QZR_Q"
空腹血糖水平,G6PC2,rs560887,T->C,T,C,"DZG_D,DZG_Z,DZG_G"
血钙基线水平,CaSR,rs1042636,A->G,A,G,"DZG_D,DZG_Z,DZG_G"
维生素B12水平,FUT2,rs1047781,A->T,A,T,"GZD_D,GZD_Z,GZD_G"
维生素D水平,GC,rs2282679,T->G,T,G,"GZD_G,GZD_Z,GZD_D"
脂联素水平,ADIPOQ,rs182052,G->A,G,A,"ZD_Z,ZD_D,ZD_D"
饱腹感敏感度,MC4R,rs17782313,T->C,T,C,"GZ_G,GZ_Z,GZ_Z"
苦味敏感度,TAS2R38,rs713598,C->G,C,G,"ZG_Z,ZG_G,ZG_G"
盐敏感度,AGT,rs699,A->G,A,G,"ZG_Z,ZG_G,ZG_G"
